PubDate,StDate,EnDate,Section,PropSell,PropBuy,PropTot,PropBal,BrkSell,BrkBuy,BrkTot,BrkBal,TotSell,TotBuy,TotTot,TotBal,IndSell,IndBuy,IndTot,IndBal,FrgnSell,FrgnBuy,FrgnTot,FrgnBal,SecCoSell,SecCoBuy,SecCoTot,SecCoBal,InvTrSell,InvTrBuy,InvTrTot,InvTrBal,BusCoSell,BusCoBuy,BusCoTot,BusCoBal,OthCoSell,OthCoBuy,OthCoTot,OthCoBal,InsCoSell,InsCoBuy,InsCoTot,InsCoBal,BankSell,BankBuy,BankTot,BankBal,TrstBnkSell,TrstBnkBuy,TrstBnkTot,TrstBnkBal,OthFinSell,OthFinBuy,OthFinTot,OthFinBal
2023-01-10,2022-12-26,2022-12-30,TSEPrime,1652820951,1425050189,3077871140,-227770762,10093391744,10322372041,20415763785,228980297,11746212695,11747422230,23493634925,1209535,3052344648,3029362471,6081707119,-22982177,6353043649,6530090756,12883134405,177047107,58937931,57062862,116000793,-1875069,262776160,319000156,581776316,56223996,114547420,113706350,228253770,-841070,18317364,47986977,66304341,29669613,26629775,23790297,50420072,-2839478,11457803,9516346,20974149,-1941457,183228468,173272396,356500864,-9956072,12108526,18583430,30691956,6474904
2023-01-13,2023-01-04,2023-01-06,TSEPrime,1108501225,807484169,1915985394,-301017056,7531535298,7812917336,15344452634,281382038,8640036523,8620401505,17260438028,-19635018,1614968563,1841899376,3456867939,226930813,5468958065,5416449764,10885407829,-52508301,36117695,43131303,79248998,7013608,155362433,170380142,325742575,15017709,49431010,188340714,237771724,138909704,16415367,26029375,42444742,9614008,68791370,8988034,77779404,-59803336,8593904,5878782,14472686,-2715122,107754718,103463253,211217971,-4291465,5142173,8356593,13498766,3214420
2023-01-19,2023-01-10,2023-01-13,TSEPrime,1449672901,1323027737,2772700638,-126645164,11331541967,11389138758,22720680725,57596791,12781214868,12712166495,25493381363,-69048373,2442723892,2382517573,4825241465,-60206319,8047603700,8219264329,16266868029,171660629,74436963,74479335,148916298,42372,283518600,261961656,545480256,-21556944,109957128,213178629,323135757,103221501,27568455,31191377,58759832,3622922,34740166,16021268,50761434,-18718898,19426222,10718794,30145016,-8707428,279697264,160658046,440355310,-119039218,11869577,19147751,31017328,7278174
2023-01-26,2023-01-16,2023-01-20,TSEPrime,1690508715,1609067264,3299575979,-81441451,12764440403,12828294336,25592734739,63853933,14454949118,14437361600,28892310718,-17587518,2925407712,2904246019,5829653731,-21161693,8963868592,9068678041,18032546633,104809449,69905144,70647430,140552574,742286,270505371,258987762,529493133,-11517609,128373022,250063111,378436133,121690089,23202612,33616143,56818755,10413531,44101601,36844858,80946459,-7256743,30716454,9583941,40300395,-21132513,295316547,177611186,472927733,-117705361,13043348,18015845,31059193,4972497
2023-02-02,2023-01-23,2023-01-27,TSEPrime,1465993361,1695821807,3161815168,229828446,12631009060,12410981271,25041990331,-220027789,14097002421,14106803078,28203805499,9800657,3428445534,3025665806,6454111340,-402779728,8200977769,8514917793,16715895562,313940024,94689347,82475236,177164583,-12214111,234551045,306494231,541045276,71943186,175852755,211500540,387353295,35647785,28420663,54629441,83050104,26208778,36273777,9691700,45965477,-26582077,31515889,4710471,36226360,-26805418,377341556,185384156,562725712,-191957400,22940725,15511897,38452622,-7428828
2023-02-09,2023-01-30,2023-02-03,TSEPrime,1706196778,1798039364,3504236142,91842586,14676946111,14573766042,29250712153,-103180069,16383142889,16371805406,32754948295,-11337483,3277501962,3354058160,6631560122,76556198,10201606730,10172504933,20374111663,-29101797,89837179,89782313,179619492,-54866,377967915,361763242,739731157,-16204673,153393665,241235481,394629146,87841816,38432723,33108338,71541061,-5324385,46629678,16915399,63545077,-29714279,19480937,9584838,29065775,-9896099,439949437,274010526,713959963,-165938911,32145885,20802812,52948697,-11343073
2023-02-16,2023-02-06,2023-02-10,TSEPrime,1876693663,2021679426,3898373089,144985763,14169185855,14035686510,28204872365,-133499345,16045879518,16057365936,32103245454,11486418,3270999833,3183999478,6454999311,-87000355,9774552796,9972760763,19747313559,198207967,91913303,78489313,170402616,-13423990,343264528,272703465,615967993,-70561063,165127100,258026575,423153675,92899475,47797274,45045780,92843054,-2751494,65466969,14625801,80092770,-50841168,40643787,11217106,51860893,-29426681,356368604,182027898,538396502,-174340706,13051661,16790331,29841992,3738670
2023-02-24,2023-02-13,2023-02-17,TSEPrime,1554524152,1591566464,3146090616,37042312,13344938101,13303477426,26648415527,-41460675,14899462253,14895043890,29794506143,-4418363,3231980208,3171225796,6403206004,-60754412,9007092273,9221912736,18229005009,214820463,92295791,87535279,179831070,-4760512,279667897,249215736,528883633,-30452161,225284848,294216676,519501524,68931828,38732990,30615334,69348324,-8117656,68562574,21642576,90205150,-46919998,36616971,12745930,49362901,-23871041,341146101,192443786,533589887,-148702315,23558448,21923577,45482025,-1634871
2023-03-02,2023-02-20,2023-02-24,TSEPrime,1206235301,1374028501,2580263802,167793200,10492826083,10332503369,20825329452,-160322714,11699061384,11706531870,23405593254,7470486,2467517173,2542404715,5009921888,74887542,7170190273,6948692405,14118882678,-221497868,64096433,64895889,128992322,799456,217085727,259388200,476473927,42302473,155189159,243784756,398973915,88595597,29590321,36941980,66532301,7351659,17764272,20192076,37956348,2427804,26102211,12327063,38429274,-13775148,320785413,190674959,511460372,-130110454,24505101,13201326,37706427,-11303775
2023-03-09,2023-02-27,2023-03-03,TSEPrime,1951882767,2295397006,4247279773,343514239,14502292167,14158008004,28660300171,-344284163,16454174934,16453405010,32907579944,-769924,3168613435,2970543550,6139156985,-198069885,10102424520,9990507472,20092931992,-111917048,87658760,79616414,167275174,-8042346,398776448,379609275,778385723,-19167173,241258766,276490572,517749338,35231806,37647690,43302071,80949761,5654381,76095917,29676917,105772834,-46419000,28576526,82915949,111492475,54339423,334597305,283279169,617876474,-51318136,26642800,22066615,48709415,-4576185
2023-03-16,2023-03-06,2023-03-10,TSEPrime,2231098218,3670627360,5901725578,1439529142,15490309149,14047946946,29538256095,-1442362203,17721407367,17718574306,35439981673,-2833061,3562695449,3353615571,6916311020,-209079878,10766417106,9649996598,20416413704,-1116420508,88874633,83735231,172609864,-5139402,348648615,352990026,701638641,4341411,203182570,289072821,492255391,85890251,42900439,32573992,75474431,-10326447,31028026,24117963,55145989,-6910063,50718780,15036151,65754931,-35682629,367678548,221135698,588814246,-146542850,28164983,25672895,53837878,-2492088
2023-03-24,2023-03-13,2023-03-17,TSEPrime,2593590805,2339997040,4933587845,-253593765,16849828677,17030435088,33880263765,180606411,19443419482,19370432128,38813851610,-72987354,3253263370,4005070816,7258334186,751807446,12382958887,11819580212,24202539099,-563378675,76295581,114524916,190820497,38229335,433224602,441098351,874322953,7873749,183995123,323625400,507620523,139630277,34682829,43903360,78586189,9220531,16568769,11630753,28199522,-4938016,31083217,29952159,61035376,-1131058,418224037,216402412,634626449,-201821625,19532262,24646709,44178971,5114447
2023-03-30,2023-03-20,2023-03-24,TSEPrime,1500518130,1600319815,3100837945,99801685,10765371580,10658266185,21423637765,-107105395,12265889710,12258586000,24524475710,-7303710,2177294956,2378755578,4556050534,201460622,7986510346,7539147012,15525657358,-447363334,49267657,61621966,110889623,12354309,216454029,226111431,442565460,9657402,109289868,172247418,281537286,62957550,26620545,41814091,68434636,15193546,31383605,6585032,37968637,-24798573,11596748,44546282,56143030,32949534,138687652,160432806,299120458,21745154,18266174,27004569,45270743,8738395
2023-04-06,2023-03-27,2023-03-31,TSEPrime,2551720962,2955535446,5507256408,403814484,14251187321,13849390954,28100578275,-401796367,16802908283,16804926400,33607834683,2018117,3269233832,2972804340,6242038172,-296429492,9908752083,9926355722,19835107805,17603639,75980589,68746758,144727347,-7233831,352317329,368239771,720557100,15922442,137770224,116260410,254030634,-21509814,29618909,38648805,68267714,9029896,12183621,13296071,25479692,1112450,55269707,20234194,75503901,-35035513,319641792,303209987,622851779,-16431805,90419235,21594896,112014131,-68824339
2023-04-13,2023-04-03,2023-04-07,TSEPrime,2349192402,1858687380,4207879782,-490505022,12950058329,13438885637,26388943966,488827308,15299250731,15297573017,30596823748,-1677714,2632780582,2785684156,5418464738,152903574,8906921510,9631373979,18538295489,724452469,62019184,65626999,127646183,3607815,385642025,378789104,764431129,-6852921,112886918,161909110,274796028,49022192,28208103,62258780,90466883,34050677,49698590,9232287,58930877,-40466303,53070039,50640153,103710192,-2429886,685651289,284135795,969787084,-401515494,33180089,9235274,42415363,-23944815
2023-04-20,2023-04-10,2023-04-14,TSEPrime,2185764154,1876865592,4062629746,-308898562,11668336266,11980296610,23648632876,311960344,13854100420,13857162202,27711262622,3061782,2676656881,2250627802,4927284683,-426029079,7972213738,9021008736,16993222474,1048794998,64896759,52660019,117556778,-12236740,296711941,284244556,580956497,-12467385,133518835,126193123,259711958,-7325712,22043341,25166157,47209498,3122816,62327697,6755825,69083522,-55571872,35322482,30124717,65447199,-5197765,388696393,173688999,562385392,-215007394,15948199,9826676,25774875,-6121523
2023-04-27,2023-04-17,2023-04-21,TSEPrime,1465289741,1690603613,3155893354,225313872,11975948837,11775282626,23751231463,-200666211,13441238578,13465886239,26907124817,24647661,2688253420,2402116250,5090369670,-286137170,8425004837,8723841253,17148846090,298836416,69070912,62598184,131669096,-6472728,325341124,223483165,548824289,-101857959,136548860,132194365,268743225,-4354495,18223218,21309645,39532863,3086427,26254869,5692916,31947785,-20561953,25181860,17731505,42913365,-7450355,242676256,178305060,420981316,-64371196,19393481,8010283,27403764,-11383198
2023-05-09,2023-04-24,2023-04-28,TSEPrime,2044909164,2184072410,4228981574,139163246,14138781311,14012229918,28151011229,-126551393,16183690475,16196302328,32379992803,12611853,2848640527,2714695813,5563336340,-133944714,10050848261,10209092058,20259940319,158243797,90574347,79322788,169897135,-11251559,423558846,346900142,770458988,-76658704,137246119,147488654,284734773,10242535,31380268,60862977,92243245,29482709,26285692,34368094,60653786,8082402,27723897,15184616,42908513,-12539281,477901325,384170308,862071633,-93731017,24622029,20144468,44766497,-4477561
2023-05-11,2023-05-01,2023-05-02,TSEPrime,493783810,728184278,1221968088,234400468,5814495926,5589747173,11404243099,-224748753,6308279736,6317931451,12626211187,9651715,1497683821,1216617848,2714301669,-281065973,3907467950,4068447653,7975915603,160979703,42870564,30447684,73318248,-12422880,116284652,93094396,209379048,-23190256,62760732,64533373,127294105,1772641,13955683,11133370,25089053,-2822313,14299109,9185007,23484116,-5114102,17539423,1385955,18925378,-16153468,125009215,90801640,215810855,-34207575,16624777,4100247,20725024,-12524530
2023-05-18,2023-05-08,2023-05-12,TSEPrime,2012855517,2050050746,4062906263,37195229,16325973234,16296421912,32622395146,-29551322,18338828751,18346472658,36685301409,7643907,3513145538,3181774823,6694920361,-331370715,11680070972,12268466143,23948537115,588395171,116642782,93455858,210098640,-23186924,359123573,285795793,644919366,-73327780,176152413,210343713,386496126,34191300,40867349,35713241,76580590,-5154108,32543709,14464314,47008023,-18079395,36721890,8752391,45474281,-27969499,330499554,183475501,513975055,-147024053,40205454,14180135,54385589,-26025319
2023-05-25,2023-05-15,2023-05-19,TSEPrime,1627879096,1942722943,3570602039,314843847,17705849534,17442779607,35148629141,-263069927,19333728630,19385502550,38719231180,51773920,4486374350,3598682933,8085057283,-887691417,11864040148,12580712280,24444752428,716672132,143236594,103308836,246545430,-39927758,396845957,417792897,814638854,20946940,251540177,362345883,613886060,110805706,46076495,37043679,83120174,-9032816,37397032,23828078,61225110,-13568954,28508055,11547203,40055258,-16960852,392399551,298847959,691247510,-93551592,59431175,8669859,68101034,-50761316
2023-06-01,2023-05-22,2023-05-26,TSEPrime,1700964988,1999981328,3700946316,299016340,17027139499,16758598788,33785738287,-268540711,18728104487,18758580116,37486684603,30475629,3885153727,3807618201,7692771928,-77535526,11463809110,11873443713,23337252823,409634603,106111720,91275226,197386946,-14836494,610580995,287215278,897796273,-323365717,187131298,270512041,457643339,83380743,50569856,62475662,113045518,11905806,22133969,9042458,31176427,-13091511,45575219,9114925,54690144,-36460294,571151658,334302824,905454482,-236848834,84921947,13598460,98520407,-71323487
2023-06-08,2023-05-29,2023-06-02,TSEPrime,3815527282,3842708733,7658236015,27181451,21505163480,21479626903,42984790383,-25536577,25320690762,25322335636,50643026398,1644874,3932714130,3977725448,7910439578,45011318,15043968220,15573763520,30617731740,529795300,115989912,118112165,234102077,2122253,469679587,468380219,938059806,-1299368,153697600,290813570,444511170,137115970,54868755,52277036,107145791,-2591719,34837796,39269624,74107420,4431828,21337409,15527533,36864942,-5809876,1655613729,927188369,2582802098,-728425360,22456342,16569419,39025761,-5886923
2023-06-15,2023-06-05,2023-06-09,TSEPrime,2921487808,2569372532,5490860340,-352115276,18715898034,19087703351,37803601385,371805317,21637385842,21657075883,43294461725,19690041,4623006466,4137115006,8760121472,-485891460,12778857958,13765250936,26544108894,986392978,116423291,95812326,212235617,-20610965,410534958,333194487,743729445,-77340471,208544679,270905879,479450558,62361200,41721061,47728020,89449081,6006959,25008217,4767210,29775427,-20241007,28249884,17604491,45854375,-10645393,454212364,399986907,854199271,-54225457,29339156,15338089,44677245,-14001067
2023-06-22,2023-06-12,2023-06-16,TSEPrime,2654541972,2778184190,5432726162,123642218,21892175212,21779574494,43671749706,-112600718,24546717184,24557758684,49104475868,11041500,5524284899,4971273747,10495558646,-553011152,14499334749,15099118938,29598453687,599784189,152746180,127641145,280387325,-25105035,522696244,431532274,954228518,-91163970,228538237,326634908,555173145,98096671,51506660,56561410,108068070,5054750,40444512,38076095,78520607,-2368417,69694869,26503200,96198069,-43191669,762267979,683020358,1445288337,-79247621,40660883,19212419,59873302,-21448464
2023-06-29,2023-06-19,2023-06-23,TSEPrime,1566506295,2074201513,3640707808,507695218,20256457377,19764238991,40020696368,-492218386,21822963672,21838440504,43661404176,15476832,5162225080,5479870480,10642095560,317645400,13319658908,12984329031,26303987939,-335329877,108505975,119631770,228137745,11125795,489933819,350184190,840118009,-139749629,238763622,309256696,548020318,70493074,46251363,76918045,123169408,30666682,28981393,16759576,45740969,-12221817,45372783,21239855,66612638,-24132928,795553795,389514427,1185068222,-406039368,21210639,16534921,37745560,-4675718
2023-07-06,2023-06-26,2023-06-30,TSEPrime,2046964910,1828908447,3875873357,-218056463,18041214980,18253855810,36295070790,212640830,20088179890,20082764257,40170944147,-5415633,4641577764,4500025478,9141603242,-141552286,12134124288,12474901567,24609025855,340777279,112987787,103095055,216082842,-9892732,417176617,496525151,913701768,79348534,154652643,131791997,286444640,-22860646,39788366,157114371,196902737,117326005,11512686,39577628,51090314,28064942,61086979,12488780,73575759,-48598199,448160880,311572389,759733269,-136588491,20146970,26763394,46910364,6616424
2023-07-13,2023-07-03,2023-07-07,TSEPrime,2174378601,1858278015,4032656616,-316100586,17004406796,17296544812,34300951608,292138016,19178785397,19154822827,38333608224,-23962570,4372741398,4677683305,9050424703,304941907,11326218620,11417136854,22743355474,90918234,102006899,111383582,213390481,9376683,545764954,354122566,899887520,-191642388,181527299,270144154,451671453,88616855,34942928,101890476,136833404,66947548,27894428,9215233,37109661,-18679195,37673344,17044016,54717360,-20629328,363476210,325788535,689264745,-37687675,12160716,12136091,24296807,-24625
2023-07-21,2023-07-10,2023-07-14,TSEPrime,2318301827,1990945417,4309247244,-327356410,16476542128,16790306999,33266849127,313764871,18794843955,18781252416,37576096371,-13591539,3988081797,4146124582,8134206379,158042785,11287311575,11590467280,22877778855,303155705,80724335,87618848,168343183,6894513,324964895,366244828,691209723,41279933,158488808,250896835,409385643,92408027,28075305,69422123,97497428,41346818,18888081,30797404,49685485,11909323,34267494,11677331,45944825,-22590163,487259107,227463825,714722932,-259795282,68480731,9593943,78074674,-58886788
2023-07-27,2023-07-18,2023-07-21,TSEPrime,1148851620,1055931492,2204783112,-92920128,12236388652,12315835753,24552224405,79447101,13385240272,13371767245,26757007517,-13473027,3046408669,3041643933,6088052602,-4764736,8503765120,8543153933,17046919053,39388813,88124417,83516490,171640907,-4607927,193428643,178787840,372216483,-14640803,123780001,165584863,289364864,41804862,42831806,40265465,83097271,-2566341,15525972,10862167,26388139,-4663805,14733572,9918741,24652313,-4814831,191701785,235380693,427082478,43678908,16088667,6721628,22810295,-9367039
2023-08-03,2023-07-24,2023-07-28,TSEPrime,2257843757,2377970283,4635814040,120126526,17867275198,17773118785,35640393983,-94156413,20125118955,20151089068,40276208023,25970113,4140466787,4001324860,8141791647,-139141927,12383131735,12466492807,24849624542,83361072,100113826,87085365,187199191,-13028461,430830755,455523147,886353902,24692392,176915620,208190471,385106091,31274851,53618934,74241828,127860762,20622894,17782949,44754013,62536962,26971064,46297583,11060420,57358003,-35237163,484574991,392735097,877310088,-91839894,33542018,31710777,65252795,-1831241
2023-08-10,2023-07-31,2023-08-04,TSEPrime,2410570137,2154094501,4564664638,-256475636,21254579347,21509668629,42764247976,255089282,23665149484,23663763130,47328912614,-1386354,5094867443,5349788115,10444655558,254920672,14776370517,14800117670,29576488187,23747153,116692600,116362596,233055196,-330004,367132936,464445678,831578614,97312742,218669932,380228098,598898030,161558166,81331534,46119257,127450791,-35212277,47074652,22180970,69255622,-24893682,58351760,18163143,76514903,-40188617,476779175,297091540,773870715,-179687635,17308798,15171562,32480360,-2137236
2023-08-17,2023-08-07,2023-08-10,TSEPrime,1495768582,1783646608,3279415190,287878026,15006337805,14724550845,29730888650,-281786960,16502106387,16508197453,33010303840,6091066,3634300954,3394571551,7028872505,-239729403,10297187457,10472858286,20770045743,175670829,89659274,82536408,172195682,-7122866,297448254,222525001,519973255,-74923253,143036542,285296025,428332567,142259483,54098118,53256316,107354434,-841802,24822017,11731788,36553805,-13090229,29192869,34199956,63392825,5007087,424876521,154920984,579797505,-269955537,11715799,12654530,24370329,938731
2023-08-24,2023-08-14,2023-08-18,TSEPrime,1356138092,1522058633,2878196725,165920541,16268547429,16099136425,32367683854,-169411004,17624685521,17621195058,35245880579,-3490463,3648626096,4003655071,7652281167,355028975,11714877928,10978296228,22693174156,-736581700,68118159,82545792,150663951,14427633,221192364,274609058,495801422,53416694,117330943,437614086,554945029,320283143,141226784,39126894,180353678,-102099890,20149278,47163240,67312518,27013962,17513535,17750123,35263658,236588,307874573,202565081,510439654,-105309492,11637769,15810852,27448621,4173083
2023-08-31,2023-08-21,2023-08-25,TSEPrime,1348369210,1458593803,2806963013,110224593,13609534093,13492616690,27102150783,-116917403,14957903303,14951210493,29909113796,-6692810,3256547976,3146132068,6402680044,-110415908,9666950156,9457496069,19124446225,-209454087,68844727,65929988,134774715,-2914739,213960033,214237826,428197859,277793,128770896,313518509,442289405,184747613,27562759,45967167,73529926,18404408,26320451,14052378,40372829,-12268073,22866748,16021272,38888020,-6845476,187541922,207455408,394997330,19913486,10168425,11806005,21974430,1637580
2023-09-07,2023-08-28,2023-09-01,TSEPrime,2354540804,2794967048,5149507852,440426244,16552877216,16134147111,32687024327,-418730105,18907418020,18929114159,37836532179,21696139,4322210255,3406336551,7728546806,-915873704,11033732091,11369039012,22402771103,335306921,106537157,73842185,180379342,-32694972,422608002,428025959,850633961,5417957,199572714,271997164,471569878,72424450,34412334,71844122,106256456,37431788,29783023,44684082,74467105,14901059,18541943,19262527,37804470,720584,345822681,404739324,750562005,58916643,39657016,44376185,84033201,4719169
2023-09-14,2023-09-04,2023-09-08,TSEPrime,2311686689,3093543832,5405230521,781857143,17642097341,16875794761,34517892102,-766302580,19953784030,19969338593,39923122623,15554563,4331774972,4507088287,8838863259,175313315,11946491629,11197456532,23143948161,-749035097,105672732,95732982,201405714,-9939750,426308416,386111781,812420197,-40196635,220884599,333224414,554109013,112339815,34643848,34850264,69494112,206416,28603269,27342484,55945753,-1260785,88163247,27084963,115248210,-61078284,436851073,253134592,689985665,-183716481,22703556,13768462,36472018,-8935094
2023-09-22,2023-09-11,2023-09-15,TSEPrime,2043004951,2789756198,4832761149,746751247,19987115111,19261913668,39249028779,-725201443,22030120062,22051669866,44081789928,21549804,4755794864,4403897968,9159692832,-351896896,13797386864,13530006255,27327393119,-267380609,121010693,96291508,217302201,-24719185,407900194,407939827,815840021,39633,226072027,335875325,561947352,109803298,34219297,38338744,72558041,4119447,27970042,44563828,72533870,16593786,58212649,29350542,87563191,-28862107,534326501,360725909,895052410,-173600592,24221980,14923762,39145742,-9298218
2023-09-28,2023-09-19,2023-09-22,TSEPrime,1652324003,2204812348,3857136351,552488345,16139281151,15598949429,31738230580,-540331722,17791605154,17803761777,35595366931,12156623,3178512364,3817901911,6996414275,639389547,11650085521,10785641384,22435726905,-864444137,86956938,91292300,178249238,4335362,434406777,291583266,725990043,-142823511,142095616,292648068,434743684,150552452,20268182,36255036,56523218,15986854,13152254,14121700,27273954,969446,27067964,22349368,49417332,-4718596,574591059,235352700,809943759,-339238359,12144476,11803696,23948172,-340780
2023-10-05,2023-09-25,2023-09-29,TSEPrime,3568161576,3649958155,7218119731,81796579,18838042456,18770703661,37608746117,-67338795,22406204032,22420661816,44826865848,14457784,3681714149,4244887738,7926601887,563173589,13187199669,13129655326,26316854995,-57544343,81690444,95004818,176695262,13314374,734696554,594918293,1329614847,-139778261,162706732,143414521,306121253,-19292211,43693354,73999341,117692695,30305987,17785245,8919915,26705160,-8865330,23647494,16071593,39719087,-7575901,808974682,440256146,1249230828,-368718536,95934133,23575970,119510103,-72358163
2023-10-13,2023-10-02,2023-10-06,TSEPrime,2957955136,1859370764,4817325900,-1098584372,17670307777,18768168298,36438476075,1097860521,20628262913,20627539062,41255801975,-723851,3803892719,4189362591,7993255310,385469872,12819044988,13360524067,26179569055,541479079,65581085,78918227,144499312,13337142,397659570,467321503,864981073,69661933,159189323,326186852,485376175,166997529,22787967,34824388,57612355,12036421,20565721,16100448,36666169,-4465273,52515736,14903692,67419428,-37612044,317806532,260254403,578060935,-57552129,11264136,19772127,31036263,8507991
2023-10-19,2023-10-10,2023-10-13,TSEPrime,2195890217,1875419032,4071309249,-320471185,14305070362,14631380030,28936450392,326309668,16500960579,16506799062,33007759641,5838483,3336060304,3163257584,6499317888,-172802720,10184474560,10659439332,20843913892,474964772,75865770,64261336,140127106,-11604434,266950811,314937233,581888044,47986422,128721596,202591438,331313034,73869842,22872358,22516500,45388858,-355858,20227904,15655153,35883057,-4572751,26790858,15420972,42211830,-11369886,225399245,166389350,391788595,-59009895,17706956,6911132,24618088,-10795824
2023-10-26,2023-10-16,2023-10-20,TSEPrime,1736181404,1429366710,3165548114,-306814694,16080868438,16383913951,32464782389,303045513,17817049842,17813280661,35630330503,-3769181,3631580460,3938625063,7570205523,307044603,11575133646,11511550973,23086684619,-63582673,60806617,73433703,134240320,12627086,266049004,328081647,594130651,62032643,117853308,261196237,379049545,143342929,21947023,33013410,54960433,11066387,24514434,19420514,43934948,-5093920,28034465,11702414,39736879,-16332051,330863831,198256161,529119992,-132607670,24085650,8633829,32719479,-15451821
2023-11-02,2023-10-23,2023-10-27,TSEPrime,1873514432,1460531531,3334045963,-412982901,16105469207,16526822928,32632292135,421353721,17978983639,17987354459,35966338098,8370820,3715107320,3841850382,7556957702,126743062,11575071944,11651648300,23226720244,76576356,58601997,62355629,120957626,3753632,297722794,298988585,596711379,1265791,134601607,243802678,378404285,109201071,32794088,69847574,102641662,37053486,19310443,15657324,34967767,-3653119,38888846,11275495,50164341,-27613351,224226609,314210996,538437605,89984387,9143559,17185965,26329524,8042406
2023-11-09,2023-10-30,2023-11-02,TSEPrime,4070791615,4207727717,8278519332,136936102,20659701991,20543885609,41203587600,-115816382,24730493606,24751613326,49482106932,21119720,4054840606,3680919494,7735760100,-373921112,14300783762,14340077014,28640860776,39293252,78195428,70240526,148435954,-7954902,1011238328,1021402237,2032640565,10163909,155152881,203433589,358586470,48280708,34149050,34079822,68228872,-69228,36577295,16692652,53269947,-19884643,32822410,12101314,44923724,-20721096,935950141,1154454299,2090404440,218504158,19992090,10484662,30476752,-9507428
2023-11-16,2023-11-06,2023-11-10,TSEPrime,2547324972,2810677118,5358002090,263352146,22007797800,21759778415,43767576215,-248019385,24555122772,24570455533,49125578305,15332761,5120709475,4885700204,10006409679,-235009271,15495907176,15565242075,31061149251,69334899,90925370,81766129,172691499,-9159241,502577110,457643434,960220544,-44933676,275419861,371093760,646513621,95673899,41435538,50926726,92362264,9491188,26050265,13730850,39781115,-12319415,65324041,10826572,76150613,-54497469,364131687,308379634,672511321,-55752053,25317277,14469031,39786308,-10848246
2023-11-24,2023-11-13,2023-11-17,TSEPrime,1877798128,2155847642,4033645770,278049514,19758008961,19488423471,39246432432,-269585490,21635807089,21644271113,43280078202,8464024,4924443143,4410154844,9334597987,-514288299,13507412670,13829807033,27337219703,322394363,98498488,84909414,183407902,-13589074,467225403,384047594,851272997,-83177809,241328836,347673446,589002282,106344610,32607452,34906035,67513487,2298583,58552907,43537281,102090188,-15015626,52442874,16441043,68883917,-36001831,350725046,325389921,676114967,-25335125,24772142,11556860,36329002,-13215282
2023-11-30,2023-11-20,2023-11-24,TSEPrime,1817512766,1565965354,3383478120,-251547412,13344513470,13596250898,26940764368,251737428,15162026236,15162216252,30324242488,190016,3349695304,3276653871,6626349175,-73041433,9108623937,9097849784,18206473721,-10774153,66501141,64438544,130939685,-2062597,249185513,214515824,463701337,-34669689,145557864,304302021,449859885,158744157,23778042,43658710,67436752,19880668,24629265,9174119,33803384,-15455146,37463250,10559622,48022872,-26903628,329299571,563951095,893250666,234651524,9779583,11147308,20926891,1367725
2023-12-07,2023-11-27,2023-12-01,TSEPrime,2901194039,2936130104,5837324143,34936065,19527086080,19479658415,39006744495,-47427665,22428280119,22415788519,44844068638,-12491600,4041864961,4076216316,8118081277,34351355,13721213873,13358746914,27079960787,-362466959,80940399,80260373,161200772,-680026,519586890,655668734,1175255624,136081844,196475139,341511880,537987019,145036741,22706408,46611234,69317642,23904826,20354308,27750721,48105029,7396413,28990010,14680444,43670454,-14309566,874314037,866819303,1741133340,-7494734,20640055,11392496,32032551,-9247559
2023-12-14,2023-12-04,2023-12-08,TSEPrime,2951097918,2683378246,5634476164,-267719672,18151650889,18424310354,36575961243,272659465,21102748807,21107688600,42210437407,4939793,4202162561,4579699489,8781862050,377536928,12878684339,12331865670,25210550009,-546818669,70888673,78272274,149160947,7383601,370327553,444729929,815057482,74402376,183172616,352337932,535510548,169165316,26733444,87574697,114308141,60841253,23048558,21247248,44295806,-1801310,31108571,57893666,89002237,26785095,331816637,456999422,788816059,125182785,33707937,13690027,47397964,-20017910
2023-12-21,2023-12-11,2023-12-15,TSEPrime,2464001291,2235374465,4699375756,-228626826,19928375607,20166081668,40094457275,237706061,22392376898,22401456133,44793833031,9079235,4691372124,4362690517,9054062641,-328681607,13865539862,14118431541,27983971403,252891679,101951014,95442435,197393449,-6508579,427060042,440811847,867871889,13751805,190870962,477435466,668306428,286564504,35434525,88661174,124095699,53226649,18311183,18480558,36791741,169375,70904845,42184447,113089292,-28720398,482840068,508797397,991637465,25957329,44090982,13146286,57237268,-30944696
2023-12-28,2023-12-18,2023-12-22,TSEPrime,1866718316,2048136715,3914855031,181418399,18292487229,18107609072,36400096301,-184878157,20159205545,20155745787,40314951332,-3459758,4895915823,4694890205,9590806028,-201025618,12132711707,12188475715,24321187422,55764008,81287443,78803999,160091442,-2483444,348896940,321346348,670243288,-27550592,197124385,402213199,599337584,205088814,30420067,60807812,91227879,30387745,22859598,14001944,36861542,-8857654,58209230,19385678,77594908,-38823552,515570664,310852270,826422934,-204718394,9491372,16831902,26323274,7340530
2024-01-10,2023-12-25,2023-12-29,TSEPrime,1622218661,2155920037,3778138698,533701376,13805131741,13266616838,27071748579,-538514903,15427350402,15422536875,30849887277,-4813527,4663305513,4411502087,9074807600,-251803426,8368357135,8142058680,16510415815,-226298455,64510016,58318275,122828291,-6191741,257549136,282928788,540477924,25379652,128209459,120544938,248754397,-7664521,23938317,76014769,99953086,52076452,15111974,6118980,21230954,-8992994,29828216,10034687,39862903,-19793529,242815178,152573160,395388338,-90242018,11506797,6522474,18029271,-4984323
2024-01-12,2024-01-04,2024-01-05,TSEPrime,916706127,755884967,1672591094,-160821160,7782134825,7924100184,15706235009,141965359,8698840952,8679985151,17378826103,-18855801,2124867341,2069769930,4194637271,-55097411,5238917471,5398069373,10636986844,159151902,41628020,41712039,83340059,84019,139424599,143756578,283181177,4331979,63678985,124797631,188476616,61118646,20130678,22206500,42337178,2075822,25296640,1049355,26345995,-24247285,10320662,4739572,15060234,-5581090,106923718,113115913,220039631,6192195,10946711,4883293,15830004,-6063418
2024-01-18,2024-01-09,2024-01-12,TSEPrime,2154528620,2454844497,4609373117,300315877,17860125326,17581797575,35441922901,-278327751,20014653946,20036642072,40051296018,21988126,5185363794,4117151582,9302515376,-1068212212,11501229637,12460102971,23961332608,958873334,110068656,77338226,187406882,-32730430,370860267,254355527,625215794,-116504740,198210788,328222564,526433352,130011776,31394955,38632984,70027939,7238029,36788401,12320092,49108493,-24468309,108867214,8863082,117730296,-100004132,282380575,273522766,555903341,-8857809,34961039,11287781,46248820,-23673258
2024-01-25,2024-01-15,2024-01-19,TSEPrime,1966766205,2254665987,4221432192,287899782,21752277622,21453997942,43206275564,-298279680,23719043827,23708663929,47427707756,-10379898,6188988611,5982366892,12171355503,-206621719,13963001150,14352397329,28315398479,389396179,119691040,105880370,225571410,-13810670,543198902,304475508,847674410,-238723394,258849416,302584974,561434390,43735558,72409585,47641188,120050773,-24768397,31905873,31232582,63138455,-673291,72127286,11946861,84074147,-60180425,485982478,303505903,789488381,-182476575,16123281,11966335,28089616,-4156946
2024-02-01,2024-01-22,2024-01-26,TSEPrime,2344813385,2115208044,4460021429,-229605341,22025777646,22250834848,44276612494,225057202,24370591031,24366042892,48736633923,-4548139,6271770777,6561455618,12833226395,289684841,14197717023,14603209766,28800926789,405492743,100608664,105152825,205761489,4544161,423848248,275640153,699488401,-148208095,253628555,313734156,567362711,60105601,64493590,74810745,139304335,10317155,15432641,17639190,33071831,2206549,46794175,14401025,61195200,-32393150,637057462,271575647,908633109,-365481815,14426511,13215723,27642234,-1210788
2024-02-08,2024-01-29,2024-02-02,TSEPrime,2130559080,2201449288,4332008368,70890208,21501896909,21407464439,42909361348,-94432470,23632455989,23608913727,47241369716,-23542262,5680520163,5730805042,11411325205,50284879,14253819980,14431281645,28685101625,177461665,106360788,105321053,211681841,-1039735,561585472,359979211,921564683,-201606261,242913557,309240813,552154370,66327256,68866021,53833467,122699488,-15032554,28529919,37577027,66106946,9047108,53916408,15950605,69867013,-37965803,489305125,349239660,838544785,-140065465,16079476,14235916,30315392,-1843560
2024-02-16,2024-02-05,2024-02-09,TSEPrime,2223571205,2428550510,4652121715,204979305,26075617884,25862905567,51938523451,-212712317,28299189089,28291456077,56590645166,-7733012,6636235328,6843109952,13479345280,206874624,17070415400,17448114733,34518530133,377699333,130476797,136990337,267467134,6513540,647517021,368586073,1016103094,-278930948,311933109,475877154,787810263,163944045,104836139,60243874,165080013,-44592265,56967667,31428166,88395833,-25539501,91359753,19047883,110407636,-72311870,1011882794,464285046,1476167840,-547597748,13993876,15222349,29216225,1228473
2024-02-22,2024-02-13,2024-02-16,TSEPrime,1806961422,2429337294,4236298716,622375872,23745683879,23136182257,46881866136,-609501622,25552645301,25565519551,51118164852,12874250,6354872791,6076878490,12431751281,-277994301,15262794761,15526584843,30789379604,263790082,126465013,110592344,237057357,-15872669,403304807,306207532,709512339,-97097275,355757750,422129613,777887363,66371863,85381354,50385473,135766827,-34995881,25460219,7189585,32649804,-18270634,67400564,16764813,84165377,-50635751,1050492906,598114757,1648607663,-452378149,13753714,21334807,35088521,7581093
2024-02-29,2024-02-19,2024-02-22,TSEPrime,1501417069,2007696003,3509113072,506278934,19109060884,18633487521,37742548405,-475573363,20610477953,20641183524,41251661477,30705571,5263161613,5149394388,10412556001,-113767225,12110103791,12046750899,24156854690,-63352892,97859184,87950583,185809767,-9908601,375862163,308765827,684627990,-67096336,305618985,394859712,700478697,89240727,76426400,56694342,133120742,-19732058,16077421,18835090,34912511,2757669,88065230,17027295,105092525,-71037935,763432730,543021113,1306453843,-220411617,12453367,10188272,22641639,-2265095
2024-03-07,2024-02-26,2024-03-01,TSEPrime,2952517014,3223987196,6176504210,271470182,27274933802,27002354501,54277288303,-272579301,30227450816,30226341697,60453792513,-1109119,6966824148,6864782565,13831606713,-102041583,17746639266,18135497779,35882137045,388858513,122594029,118131441,240725470,-4462588,667549160,507603477,1175152637,-159945683,545181317,452331084,997512401,-92850233,81603203,91959203,173562406,10356000,18224085,10497280,28721365,-7726805,73572193,20464388,94036581,-53107805,1027792428,773420396,1801212824,-254372032,24953973,27666888,52620861,2712915
2024-03-14,2024-03-04,2024-03-08,TSEPrime,3405382492,3881035049,7286417541,475652557,27747835821,27228416277,54976252098,-519419544,31153218313,31109451326,62262669639,-43766987,7376457715,7684491409,15060949124,308033694,17852895784,18037461416,35890357200,184565632,133930170,151061150,284991320,17130980,643187892,407369491,1050557383,-235818401,456747559,449705617,906453176,-7041942,70444921,81004197,151449118,10559276,67336346,25407580,92743926,-41928766,79710187,24327043,104037230,-55383144,1036345641,355226700,1391572341,-681118941,30779606,12361674,43141280,-18417932
2024-03-22,2024-03-11,2024-03-15,TSEPrime,2712452265,3008686932,5721139197,296234667,24716758016,24426293523,49143051539,-290464493,27429210281,27434980455,54864190736,5770174,5574178882,6029130851,11603309733,454951969,17086657102,17036386729,34123043831,-50270373,86194613,102612184,188806797,16417571,502063829,326562744,828626573,-175501085,272880717,418931752,691812469,146051035,35439475,79639081,115078556,44199606,47338741,25556794,72895535,-21781947,44712568,28019324,72731892,-16693244,1046152547,363860663,1410013210,-682291884,21139542,15593401,36732943,-5546141
2024-03-28,2024-03-18,2024-03-22,TSEPrime,1947533727,2874037221,4821570948,926503494,21326944772,20418789972,41745734744,-908154800,23274478499,23292827193,46567305692,18348694,6175352825,5302335693,11477688518,-873017132,13943162690,14026023427,27969186117,82860737,118359564,88844502,207204066,-29515062,298208735,307468276,605677011,9259541,305760330,280559800,586320130,-25200530,49145861,49205752,98351613,59891,28958870,18523817,47482687,-10435053,23042221,27262412,50304633,4220191,374450019,306844229,681294248,-67605790,10503657,11722064,22225721,1218407
2024-04-04,2024-03-25,2024-03-29,TSEPrime,4093286734,4619405566,8712692300,526118832,23933499689,23396874888,47330374577,-536624801,28026786423,28016280454,56043066877,-10505969,6005499857,6416812977,12422312834,411313120,15439000244,15255762399,30694762643,-183237845,104158035,110614412,214772447,6456377,898293796,773141922,1671435718,-125151874,309221809,268636279,577858088,-40585530,55865887,77619080,133484967,21753193,26729708,14674122,41403830,-12055586,61390306,10342250,71732556,-51048056,997477022,448003693,1445480715,-549473329,35863025,21267754,57130779,-14595271
2024-04-11,2024-04-01,2024-04-05,TSEPrime,3364773933,2397656056,5762429989,-967117877,22574030125,23511503316,46085533441,937473191,25938804058,25909159372,51847963430,-29644686,5569122371,6152770760,11721893131,583648389,14807658238,16018666658,30826324896,1211008420,89573988,114313225,203887213,24739237,542658609,460374855,1003033464,-82283754,205191124,276721985,481913109,71530861,54028042,63774944,117802986,9746902,27953865,9751614,37705479,-18202251,61220195,6996340,68216535,-54223855,1181760334,397300473,1579060807,-784459861,34863359,10832462,45695821,-24030897
2024-04-18,2024-04-08,2024-04-12,TSEPrime,2675866968,2270102427,4945969395,-405764541,20319632436,20723949651,41043582087,404317215,22995499404,22994052078,45989551482,-1447326,5807577670,5570388606,11377966276,-237189064,13376459640,13990248107,27366707747,613788467,105705867,98782267,204488134,-6923600,341890351,360317701,702208052,18427350,200842923,228808653,429651576,27965730,46309368,46619100,92928468,309732,42734939,6409297,49144236,-36325642,27206377,23297538,50503915,-3908839,344072041,384514187,728586228,40442146,26833260,14564195,41397455,-12269065
2024-04-25,2024-04-15,2024-04-19,TSEPrime,2531764518,2151578235,4683342753,-380186283,22831255589,23212687280,46043942869,381431691,25363020107,25364265515,50727285622,1245408,5287183326,6162424749,11449608075,875241423,16306640934,15744868374,32051509308,-561772560,79466045,98443607,177909652,18977562,323289879,371555841,694845720,48265962,245606674,294467770,540074444,48861096,66357527,53231383,119588910,-13126144,67780045,68859293,136639338,1079248,49646339,14363283,64009622,-35283056,386482395,382406946,768889341,-4075449,18802425,22066034,40868459,3263609
2024-05-07,2024-04-22,2024-04-26,TSEPrime,2550656096,2506786404,5057442500,-43869692,21837478507,21888967381,43726445888,51488874,24388134603,24395753785,48783888388,7619182,5171304909,4979180009,10150484918,-192124900,15009499428,15212455652,30221955080,202956224,86332478,80715483,167047961,-5616995,739568307,598336403,1337904710,-141231904,163412678,217742711,381155389,54330033,94654358,80097304,174751662,-14557054,38552713,18340226,56892939,-20212487,30778011,19001843,49779854,-11776168,490711507,661452455,1152163962,170740948,12664118,21645295,34309413,8981177
2024-05-10,2024-04-30,2024-05-02,TSEPrime,1355349505,1213308479,2568657984,-142041026,14621476776,14758820061,29380296837,137343285,15976826281,15972128540,31948954821,-4697741,4038303760,3747004831,7785308591,-291298929,9767258786,9958143081,19725401867,190884295,71967505,63582277,135549782,-8385228,219077183,363665039,582742222,144587856,121186087,191582981,312769068,70396894,48362407,37229463,85591870,-11132944,20403092,21368952,41772044,965860,15708374,46630511,62338885,30922137,291675356,317360440,609035796,25685084,27534226,12252486,39786712,-15281740
2024-05-16,2024-05-07,2024-05-10,TSEPrime,1921774907,1669578990,3591353897,-252195917,19275185051,19518217233,38793402284,243032182,21196959958,21187796223,42384756181,-9163735,4772100209,4719311693,9491411902,-52788516,13405762987,13675851989,27081614976,270089002,97357226,92647987,190005213,-4709239,330794528,280886067,611680595,-49908461,193099381,329443294,522542675,136343913,69673075,46418111,116091186,-23254964,30910324,10152256,41062580,-20758068,36820989,11993929,48814918,-24827060,324098340,332564621,656662961,8466281,14567992,18947286,33515278,4379294
2024-05-23,2024-05-13,2024-05-17,TSEPrime,2287071313,2071775467,4358846780,-215295846,24165763202,24363838000,48529601202,198074798,26452834515,26435613467,52888447982,-17221048,6051927218,5942582353,11994509571,-109344865,16756676858,16795075463,33551752321,38398605,120921847,111584267,232506114,-9337580,361762885,399208038,760970923,37445153,269433808,517106516,786540324,247672708,61622928,49428683,111051611,-12194245,47608355,6413046,54021401,-41195309,34079595,31665247,65744842,-2414348,439203016,488387003,927590019,49183987,22526692,22387384,44914076,-139308
2024-05-30,2024-05-20,2024-05-24,TSEPrime,1892441639,1808424032,3700865671,-84017607,20664531184,20742209010,41406740194,77677826,22556972823,22550633042,45107605865,-6339781,5480003469,5551496853,11031500322,71493384,13937256684,13835553097,27772809781,-101703587,93029315,98092395,191121710,5063080,463961881,338149858,802111739,-125812023,188303769,420798368,609102137,232494599,39658554,61479156,101137710,21820602,26710832,7089184,33800016,-19621648,17504439,16401118,33905557,-1103321,403773535,392931402,796704937,-10842133,14328706,20217579,34546285,5888873
2024-06-06,2024-05-27,2024-05-31,TSEPrime,3430855033,3524041223,6954896256,93186190,25308686557,25205492937,50514179494,-103193620,28739541590,28729534160,57469075750,-10007430,5451566166,5365069792,10816635958,-86496374,18018921515,17908743387,35927664902,-110178128,97785301,93966373,191751674,-3818928,438893373,518203054,957096427,79309681,240315135,491751238,732066373,251436103,40565685,55372924,95938609,14807239,44739267,5269793,50009060,-39469474,31657774,12557827,44215601,-19099947,905613683,741220693,1646834376,-164392990,38628658,13337856,51966514,-25290802
2024-06-13,2024-06-03,2024-06-07,TSEPrime,2358800354,2130794869,4489595223,-228005485,20978289719,21214223555,42192513274,235933836,23337090073,23345018424,46682108497,7928351,5068164524,5349228194,10417392718,281063670,14346479286,14152390248,28498869534,-194089038,96904551,102280082,199184633,5375531,442310029,443813209,886123238,1503180,221304575,511669763,732974338,290365188,38775066,50879311,89654377,12104245,36614539,6491394,43105933,-30123145,26400140,17445315,43845455,-8954825,691884967,566913074,1258798041,-124971893,9452042,13112965,22565007,3660923
2024-06-20,2024-06-10,2024-06-14,TSEPrime,2993528923,2785023336,5778552259,-208505587,18865110917,19044318676,37909429593,179207759,21858639840,21829342012,43687981852,-29297828,4468392416,4565884076,9034276492,97491660,13037931965,12768505697,25806437662,-269426268,74724512,73756776,148481288,-967736,421716425,364728693,786445118,-56987732,189544534,440849156,630393690,251304622,31324495,58778121,90102616,27453626,9562859,2588447,12151306,-6974412,37198706,23455764,60654470,-13742942,575294364,730957806,1306252170,155663442,19420641,14814140,34234781,-4606501
2024-06-27,2024-06-17,2024-06-21,TSEPrime,2977917692,2722218855,5700136547,-255698837,19155458774,19428181250,38583640024,272722476,22133376466,22150400105,44283776571,17023639,3997074228,4188056783,8185131011,190982555,13495646233,13477190135,26972836368,-18456098,71593107,75559460,147152567,3966353,388875262,407475538,796350800,18600276,162352688,389923977,552276665,227571289,31130392,77417847,108548239,46287455,16577597,7520991,24098588,-9056606,17416203,15227720,32643923,-2188483,964588056,772772016,1737360072,-191816040,10205008,17036783,27241791,6831775
2024-07-04,2024-06-24,2024-06-28,TSEPrime,2656349142,3070403262,5726752404,414054120,20315596425,19911072024,40226668449,-404524401,22971945567,22981475286,45953420853,9529719,4908473009,4436242258,9344715267,-472230751,13675387091,13789462323,27464849414,114075232,100080176,83010284,183090460,-17069892,629187529,620671380,1249858909,-8516149,207395877,139307913,346703790,-68087964,80018991,177894969,257913960,97875978,50859982,12238177,63098159,-38621805,55435088,35348345,90783433,-20086743,591586119,594921293,1186507412,3335174,17172563,21975082,39147645,4802519
2024-07-11,2024-07-01,2024-07-05,TSEPrime,2324382549,2350363608,4674746157,25981059,21168449667,21124805977,42293255644,-43643690,23492832216,23475169585,46968001801,-17662631,5975191871,5464814984,11440006855,-510376887,13728359075,13920748896,27649107971,192389821,107947533,95109446,203056979,-12838087,480761767,584010638,1064772405,103248871,254239022,379886000,634125022,125646978,46560148,117993356,164553504,71433208,31878141,4920234,36798375,-26957907,39781491,11351809,51133300,-28429682,478368134,530609548,1008977682,52241414,25362485,15361066,40723551,-10001419
2024-07-19,2024-07-08,2024-07-12,TSEPrime,3399961726,3396923095,6796884821,-3038631,22416408047,22411326154,44827734201,-5081893,25816369773,25808249249,51624619022,-8120524,5871908640,5800448346,11672356986,-71460294,14707894054,14833708352,29541602406,125814298,98610599,103908506,202519105,5297907,749590963,603282770,1352873733,-146308193,288900713,463749696,752650409,174848983,53338018,84032619,137370637,30694601,51519911,19815423,71335334,-31704488,25346976,14766459,40113435,-10580517,541380620,466950269,1008330889,-74430351,27917553,20663714,48581267,-7253839
2024-07-25,2024-07-16,2024-07-19,TSEPrime,1812087268,1782075200,3594162468,-30012068,16917983278,16968996938,33886980216,51013660,18730070546,18751072138,37481142684,21001592,4244467143,4468730515,8713197658,224263372,11570799903,11353051913,22923851816,-217747990,77895653,77914192,155809845,18539,380801825,320705468,701507293,-60096357,189058125,325917110,514975235,136858985,50558209,64946983,115505192,14388774,40728757,23525784,64254541,-17202973,15714309,11366318,27080627,-4347991,330074028,304400926,634474954,-25673102,17885326,18437729,36323055,552403
2024-08-01,2024-07-22,2024-07-26,TSEPrime,2265744788,2012317409,4278062197,-253427379,20167541510,20443500006,40611041516,275958496,22433286298,22455817415,44889103713,22531117,4674734667,5162943781,9837678448,488209114,14392277071,13839826020,28232103091,-552451051,83319602,85593354,168912956,2273752,328423484,375319861,703743345,46896377,211769226,413326716,625095942,201557490,50176958,110512137,160689095,60335179,37220535,41157695,78378230,3937160,18333911,19170839,37504750,836928,339704984,366059290,705764274,26354306,31581072,29590313,61171385,-1990759
2024-08-08,2024-07-29,2024-08-02,TSEPrime,3862454793,3426982210,7289437003,-435472583,26467898460,26886823320,53354721780,418924860,30330353253,30313805530,60644158783,-16547723,5558453136,6038013857,11596466993,479560721,19024603880,18457599834,37482203714,-567004046,87915092,103126740,191041832,15211648,602295241,916748319,1519043560,314453078,376045399,515460417,891505816,139415018,65029714,73415979,138445693,8386265,30931656,28224904,59156560,-2706752,24840712,38055638,62896350,13214926,661241823,685983989,1347225812,24742166,36541807,30193643,66735450,-6348164
2024-08-16,2024-08-05,2024-08-09,TSEPrime,4665113725,3350073563,8015187288,-1315040162,33169502583,34423156994,67592659577,1253654411,37834616308,37773230557,75607846865,-61385751,7689150253,7709513854,15398664107,20363601,23840978568,24296353509,48137332077,455374941,109158315,123336905,232495220,14178590,537554150,601692179,1139246329,64138029,247901529,734783733,982685262,486882204,55150720,72025902,127176622,16875182,66314658,58614492,124929150,-7700166,47365871,22236756,69602627,-25129115,561073118,771816813,1332889931,210743695,14855401,32782851,47638252,17927450
2024-08-22,2024-08-13,2024-08-16,TSEPrime,1910157186,1829985850,3740143036,-80171336,18867107395,18943021988,37810129383,75914593,20777264581,20773007838,41550272419,-4256743,5209958008,4818168985,10028126993,-391789023,12854059864,13038930066,25892989930,184870202,67109610,61256933,128366543,-5852677,240755094,285867008,526622102,45111914,131079704,361730618,492810322,230650914,27457698,33191818,60649516,5734120,43393824,31003877,74397701,-12389947,14635857,11556582,26192439,-3079275,262916957,291800755,554717712,28883798,15740779,9515346,25256125,-6225433
2024-08-29,2024-08-19,2024-08-23,TSEPrime,1920538538,2060548917,3981087455,140010379,18681450998,18531474375,37212925373,-149976623,20601989536,20592023292,41194012828,-9966244,5079744456,5050632607,10130377063,-29111849,12628300040,12219445609,24847745649,-408854431,69768963,67349867,137118830,-2419096,285994476,260786197,546780673,-25208279,171732108,391133295,562865403,219401187,34158670,57631476,91790146,23472806,39631455,22289151,61920606,-17342304,41726100,11436494,53162594,-30289606,297221985,433382925,730604910,136160940,33172745,17386754,50559499,-15785991
2024-09-05,2024-08-26,2024-08-30,TSEPrime,2990314350,3037819628,6028133978,47505278,19397124216,19343090356,38740214572,-54033860,22387438566,22380909984,44768348550,-6528582,4695258469,4589578661,9284837130,-105679808,13118154811,12881145610,25999300421,-237009201,69111885,67246072,136357957,-1865813,651452556,601102985,1252555541,-50349571,192328687,378745803,571074490,186417116,28276133,42141093,70417226,13864960,38967336,14791912,53759248,-24175424,28457942,12385268,40843210,-16072674,540783791,743145319,1283929110,202361528,34332606,12807633,47140239,-21524973
2024-09-10,2024-08-19,2024-08-23,TSEPrime,1920538538,2060548917,3981087455,140010379,18681450998,18531474375,37212925373,-149976623,20601989536,20592023292,41194012828,-9966244,5079744456,5050632607,10130377063,-29111849,12628300040,12219445609,24847745649,-408854431,69768963,67349867,137118830,-2419096,286829065,260786197,547615262,-26042868,170897519,391133295,562030814,220235776,34158670,57631476,91790146,23472806,39631455,22289151,61920606,-17342304,41726100,11436494,53162594,-30289606,297221985,433382925,730604910,136160940,33172745,17386754,50559499,-15785991
2024-09-10,2024-08-26,2024-08-30,TSEPrime,2990314350,3037819628,6028133978,47505278,19397124216,19343090356,38740214572,-54033860,22387438566,22380909984,44768348550,-6528582,4695258469,4589578661,9284837130,-105679808,13118154811,12881145610,25999300421,-237009201,69111885,67246072,136357957,-1865813,651686574,601102985,1252789559,-50583589,192094669,378745803,570840472,186651134,28276133,42141093,70417226,13864960,38967336,14791912,53759248,-24175424,28457942,12385268,40843210,-16072674,540783791,743145319,1283929110,202361528,34332606,12807633,47140239,-21524973
2024-09-12,2024-09-02,2024-09-06,TSEPrime,2305190908,2052718824,4357909732,-252472084,19976082981,20255457251,40231540232,279374270,22281273889,22308176075,44589449964,26902186,4964224356,5414099234,10378323590,449874878,13722278435,12923800015,26646078450,-798478420,77252859,83730271,160983130,6477412,363677448,534497523,898174971,170820075,320603000,671535209,992138209,350932209,46763696,51248047,98011743,4484351,99324777,22551594,121876371,-76773183,16097354,33082168,49179522,16984814,353192984,501458457,854651441,148265473,12668072,19454733,32122805,6786661
2024-09-20,2024-09-09,2024-09-13,TSEPrime,2669310626,3566753838,6236064464,897443212,20359230750,19292468364,39651699114,-1066762386,23028541376,22859222202,45887763578,-169319174,4629045743,4844246993,9473292736,215201250,14403622397,12869941323,27273563720,-1533681074,76253957,82047578,158301535,5793621,485375425,512068431,997443856,26693006,153620002,456187388,609807390,302567386,37825394,45069182,82894576,7243788,51755147,16609863,68365010,-35145284,26345816,15664765,42010581,-10681051,479747103,428700402,908447505,-51046701,15639766,21932439,37572205,6292673
2024-09-27,2024-09-17,2024-09-20,TSEPrime,2136096513,3325603489,5461700002,1189506976,18134574172,16997769627,35132343799,-1136804545,20270670685,20323373116,40594043801,52702431,3959206192,3638803944,7598010136,-320402248,12588219247,12042691990,24630911237,-545527257,65866477,54661861,120528338,-11204616,384248007,319931230,704179237,-64316777,183039546,371934243,554973789,188894697,33585663,45005491,78591154,11419828,46080565,18782271,64862836,-27298294,81455397,19720446,101175843,-61734951,769509971,475092731,1244602702,-294417240,23363107,11145420,34508527,-12217687
2024-10-03,2024-09-24,2024-09-27,TSEPrime,2325515411,2833885396,5159400807,508369985,18849525834,18365444352,37214970186,-484081482,21175041245,21199329748,42374370993,24288503,4964977396,4389000263,9353977659,-575977133,12782473455,12715204057,25497677512,-67269398,80569092,55927374,136496466,-24641718,363978925,411079975,775058900,47101050,194183592,282217126,476400718,88033534,27085719,60675094,87760813,33589375,63404309,9233776,72638085,-54170533,65895943,7034342,72930285,-58861601,283754721,418972403,702727124,135217682,23202682,16099942,39302624,-7102740
2024-10-10,2024-09-30,2024-10-04,TSEPrime,3556576802,2323537272,5880114074,-1233039530,22555988943,23770637489,46326626432,1214648546,26112565745,26094174761,52206740506,-18390984,5545886165,5682940504,11228826669,137054339,15442318297,15862545126,31304863423,420226829,74712308,75470639,150182947,758331,748642801,1040955895,1789598696,292313094,140216277,327556174,467772451,187339897,45525123,41941447,87466570,-3583676,39364444,7446145,46810589,-31918299,35670449,45865896,81536345,10195447,457964820,668838968,1126803788,210874148,25688259,17076695,42764954,-8611564
2024-10-18,2024-10-07,2024-10-11,TSEPrime,2321684616,2210647022,4532331638,-111037594,19417980829,19529917914,38947898743,111937085,21739665445,21740564936,43480230381,899491,5058800236,4851578686,9910378922,-207221550,13219171841,13483743372,26702915213,264571531,76426718,59296671,135723389,-17130047,328402892,376606511,705009403,48203619,156221270,317033152,473254422,160811882,37911826,35003040,72914866,-2908786,45298498,6181053,51479551,-39117445,50019254,9006556,59025810,-41012698,418943140,372554157,791497297,-46388983,26785154,18914716,45699870,-7870438
2024-10-24,2024-10-15,2024-10-18,TSEPrime,1531959792,1381580928,2913540720,-150378864,15673570204,15841299988,31514870192,167729784,17205529996,17222880916,34428410912,17350920,4074490090,4137501621,8211991711,63011531,10792326747,10746669424,21538996171,-45657323,60444751,54439931,114884682,-6004820,239802245,309409876,549212121,69607631,147665922,278259300,425925222,130593378,56980384,66885467,123865851,9905083,34740329,11927691,46668020,-22812638,18833711,9075307,27909018,-9758404,224334239,213651306,437985545,-10682933,23951786,13480065,37431851,-10471721
2024-10-31,2024-10-21,2024-10-25,TSEPrime,1921130034,1767585269,3688715303,-153544765,17328725205,17501366058,34830091263,172640853,19249855239,19268951327,38518806566,19096088,4825585183,4834589487,9660174670,9004304,11645259699,11636243584,23281503283,-9016115,62963197,62668385,125631582,-294812,276826732,283620228,560446960,6793496,186255364,351288648,537544012,165033284,33962211,69021746,102983957,35059535,32752745,22967176,55719921,-9785569,11204158,8784718,19988876,-2419440,236915306,215975857,452891163,-20939449,17000610,16206229,33206839,-794381
2024-11-08,2024-10-28,2024-11-01,TSEPrime,5365010867,5368014740,10733025607,3003873,25573186942,25543288026,51116474968,-29898916,30938197809,30911302766,61849500575,-26895043,5594185190,5553406143,11147591333,-40779047,17130662013,16920088516,34050750529,-210573497,74802005,69767012,144569017,-5034993,960118521,844944449,1805062970,-115174072,177004221,356899956,533904177,179895735,53118588,62826850,115945438,9708262,29674987,9294974,38969961,-20380013,18706931,16158786,34865717,-2548145,1513648805,1688406907,3202055712,174758102,21265681,21494433,42760114,228752
2024-11-14,2024-11-05,2024-11-08,TSEPrime,2080109139,2519899369,4600008508,439790230,21111473509,20695815687,41807289196,-415657822,23191582648,23215715056,46407297704,24132408,5907493892,5183267917,11090761809,-724225975,13965807824,14141770298,28107578122,175962474,80473496,63296335,143769831,-17177161,282690204,287040678,569730882,4350474,316507587,472180362,788687949,155672775,47440386,41089245,88529631,-6351141,56261976,5122316,61384292,-51139660,33315727,6997245,40312972,-26318482,400451529,478299411,878750940,77847882,21030888,16751880,37782768,-4279008
2024-11-21,2024-11-11,2024-11-15,TSEPrime,2339197700,2038681382,4377879082,-300516318,23350666039,23707447986,47058114025,356781947,25689863739,25746129368,51435993107,56265629,6118468865,6139549284,12258018149,21080419,15835753979,15971282366,31807036345,135528387,117933963,99196047,217130010,-18737916,328066755,350252103,678318858,22185348,280446338,591878581,872324919,311432243,48024691,46165583,94190274,-1859108,97628056,6805927,104433983,-90822129,50274572,11994459,62269031,-38280113,444626837,462531406,907158243,17904569,29441983,27792230,57234213,-1649753
2024-11-28,2024-11-18,2024-11-22,TSEPrime,1806688176,1810610879,3617299055,3922703,19160498777,19175577722,38336076499,15078945,20967186953,20986188601,41953375554,19001648,4914204907,5117055879,10031260786,202850972,13000269458,12647099452,25647368910,-353170006,99679164,89046873,188726037,-10632291,367072085,328857295,695929380,-38214790,255480940,488931295,744412235,233450355,32449666,39365269,71814935,6915603,59668774,23484011,83152785,-36184763,25914822,33825767,59740589,7910945,387510636,374600524,762111160,-12910112,18248325,33311357,51559682,15063032
2024-12-05,2024-11-25,2024-11-29,TSEPrime,3362028561,3253329354,6615357915,-108699207,24165094040,24295708895,48460802935,130614855,27527122601,27549038249,55076160850,21915648,5783419251,5935230845,11718650096,151811594,16472990669,16279973807,32752964476,-193016862,79774271,74600771,154375042,-5173500,801553903,636138360,1437692263,-165415543,265209835,558275497,823485332,293065662,43850248,61775625,105625873,17925377,63262939,14857197,78120136,-48405742,32138051,15162791,47300842,-16975260,604173648,690132489,1294306137,85958841,18721225,29561513,48282738,10840288
2024-12-12,2024-12-02,2024-12-06,TSEPrime,2527700573,2139440684,4667141257,-388259889,21017848796,21426831867,42444680663,408983071,23545549369,23566272551,47111821920,20723182,6204162479,5720358429,11924520908,-483804050,13499890071,13628652082,27128542153,128762011,105430875,83990400,189421275,-21440475,406694200,759652513,1166346713,352958313,274354757,486790005,761144762,212435248,39537640,62430126,101967766,22892486,75726715,7052421,82779136,-68674294,26339888,22212479,48552367,-4127409,355044293,639300547,994344840,284256254,30667878,16392865,47060743,-14275013
2024-12-19,2024-12-09,2024-12-13,TSEPrime,3582708058,3818327697,7401035755,235619639,20280349487,20045255832,40325605319,-235093655,23863057545,23863583529,47726641074,525984,5588148674,5256899148,10845047822,-331249526,13550641495,13037349944,26587991439,-513291551,77707466,97200562,174908028,19493096,291083618,499860457,790944075,208776839,224103658,417170865,641274523,193067207,44279575,104885800,149165375,60606225,57412197,15553365,72965562,-41858832,37243856,36291603,73535459,-952253,380368922,558754708,939123630,178385786,29360026,21289380,50649406,-8070646
2024-12-26,2024-12-16,2024-12-20,TSEPrime,2324717523,2528192601,4852910124,203475078,22054064701,21856319351,43910384052,-197745350,24378782224,24384511952,48763294176,5729728,5869897026,6001551858,11871448884,131654832,14642311065,14200253846,28842564911,-442057219,104981368,109061620,214042988,4080252,414579540,329439815,744019355,-85139725,291189963,472055900,763245863,180865937,32656264,66360467,99016731,33704203,38188898,10445946,48634844,-27742952,15567206,11151025,26718231,-4416181,630403068,635338443,1265741511,4935375,14290303,20660431,34950734,6370128
2025-01-08,2024-12-23,2024-12-27,TSEPrime,1954327657,2720024620,4674352277,765696963,17744260907,16999558301,34743819208,-744702606,19698588564,19719582921,39418171485,20994357,6517114691,5673839987,12190954678,-843274704,9872024616,10338335382,20210359998,466310766,88661975,69630140,158292115,-19031835,323766634,202322183,526088817,-121444451,260469119,248122602,508591721,-12346517,28371555,102506371,130877926,74134816,43181352,17016402,60197754,-26164950,84303606,20374859,104678465,-63928747,509079045,317870448,826949493,-191208597,17288314,9539927,26828241,-7748387
2025-01-10,2024-12-30,2024-12-30,TSEPrime,467857232,409546848,877404080,-58310384,3430590584,3491042237,6921632821,60451653,3898447816,3900589085,7799036901,2141269,1035708170,1160468093,2196176263,124759923,2194226506,2135772845,4329999351,-58453661,9669564,11589678,21259242,1920114,114011520,70014609,184026129,-43996911,26638393,26595927,53234320,-42466,3237510,11504219,14741729,8266709,22726,27553,50279,4827,1693159,127868,1821027,-1565291,44264255,74091937,118356192,29827682,1118781,849508,1968289,-269273
2025-01-17,2025-01-06,2025-01-10,TSEPrime,3025983971,2263540407,5289524378,-762443564,21990911218,22694694412,44685605630,703783194,25016895189,24958234819,49975130008,-58660370,5801980401,6480291472,12282271873,678311071,14389543717,14768159576,29157703293,378615859,95142244,106759761,201902005,11617517,499807097,381551087,881358184,-118256010,208845541,535418042,744263583,326572501,40196020,62139707,102335727,21943687,34118071,13098840,47216911,-21019231,62641930,7970590,70612520,-54671340,839670909,309209783,1148880692,-530461126,18965288,30095554,49060842,11130266
2025-01-23,2025-01-14,2025-01-17,TSEPrime,2320102617,1706605820,4026708437,-613496797,16352632933,16940369019,33293001952,587736086,18672735550,18646974839,37319710389,-25760711,3899259781,4331653986,8230913767,432394205,11483701927,11491765448,22975467375,8063521,64739712,73246622,137986334,8506910,222526114,311628614,534154728,89102500,181933381,386230203,568163584,204296822,29066294,44802697,73868991,15736403,26718868,22511417,49230285,-4207451,32446968,8795951,41242919,-23651017,369327644,245812132,615139776,-123515512,42912244,23921949,66834193,-18990295
2025-01-30,2025-01-20,2025-01-24,TSEPrime,2106474834,2009252704,4115727538,-97222130,20585655752,20620132802,41205788554,34477050,22692130586,22629385506,45321516092,-62745080,6329477643,5873943282,12203420925,-455534361,13200912936,13589982122,26790895058,389069186,89350284,87768305,177118589,-1581979,298694817,268500728,567195545,-30194089,222229536,414472421,636701957,192242885,52847537,85654997,138502534,32807460,48996362,8160176,57156538,-40836186,30173140,11989501,42162641,-18183639,293434845,265017897,558452742,-28416948,19538652,14643373,34182025,-4895279
2025-02-06,2025-01-27,2025-01-31,TSEPrime,2492940352,2624756404,5117696756,131816052,23340681636,23165364019,46506045655,-175317617,25833621988,25790120423,51623742411,-43501565,6518407518,6635369510,13153777028,116961992,15237113834,14901691813,30138805647,-335422021,109024592,112762150,221786742,3737558,520383520,474708236,995091756,-45675284,275653796,427263028,702916824,151609232,52747043,79465514,132212557,26718471,24321970,11160596,35482566,-13161374,38809096,12048769,50857865,-26760327,541744790,491020874,1032765664,-50723916,22475477,19873529,42349006,-2601948
2025-02-14,2025-02-03,2025-02-07,TSEPrime,2898512610,2361914080,5260426690,-536598530,24196956861,24734091820,48931048681,537134959,27095469471,27096005900,54191475371,536429,6135925808,6640978258,12776904066,505052450,16550176660,16268082884,32818259544,-282093776,111873706,123967009,235840715,12093303,420871674,448569347,869441021,27697673,291409652,584794082,876203734,293384430,50095058,56891472,106986530,6796414,49664680,15770630,65435310,-33894050,78364158,15717928,94082086,-62646230,486542817,558162235,1044705052,71619418,22032648,21157975,43190623,-874673
2025-02-20,2025-02-10,2025-02-14,TSEPrime,2186473353,2232822385,4419295738,46349032,19565458782,19546169389,39111628171,-19289393,21751932135,21778991774,43530923909,27059639,5236427774,5123079961,10359507735,-113347813,13174964759,13271842807,26446807566,96878048,112002694,96066065,208068759,-15936629,303615547,300395496,604011043,-3220051,277935203,431551240,709486443,153616037,43950294,48629991,92580285,4679697,51593448,6592783,58186231,-45000665,48501569,9595190,58096759,-38906379,307657306,241865989,549523295,-65791317,8810188,16549867,25360055,7739679
2025-02-28,2025-02-17,2025-02-21,TSEPrime,2412177560,2240281640,4652459200,-171895920,22392006023,22549185080,44941191103,157179057,24804183583,24789466720,49593650303,-14716863,6099776812,6261590991,12361367803,161814179,14783572415,14637082459,29420654874,-146489956,106751095,104618578,211369673,-2132517,486171646,533298507,1019470153,47126861,345719680,545715590,891435270,199995910,50471770,52122254,102594024,1650484,45131045,20669934,65800979,-24461111,53269810,12270860,65540670,-40998950,391823396,365801335,757624731,-26022061,29318354,16014572,45332926,-13303782
2025-03-06,2025-02-25,2025-02-28,TSEPrime,2714961814,2607012260,5321974074,-107949554,20642764165,20733450891,41376215056,90686726,23357725979,23340463151,46698189130,-17262828,4422690816,4940717822,9363408638,518027006,14687218980,14079504900,28766723880,-607714080,77256149,97429249,174685398,20173100,486173029,493548072,979721101,7375043,257923681,406576875,664500556,148653194,48146554,108198011,156344565,60051457,36358270,14814437,51172707,-21543833,44140275,32153358,76293633,-11986917,561859116,531888783,1093747899,-29970333,20997295,28619384,49616679,7622089
2025-03-13,2025-03-03,2025-03-07,TSEPrime,2576332216,2295597339,4871929555,-280734877,24141324884,24432894744,48574219628,291569860,26717657100,26728492083,53446149183,10834983,6413352705,5949030747,12362383452,-464321958,16088788184,16014834219,32103622403,-73953965,130463313,125474026,255937339,-4989287,535023172,796188399,1331211571,261165227,356772773,556981699,913754472,200208926,75388357,99835676,175224033,24447319,34904701,16954051,51858752,-17950650,33728580,68160127,101888707,34431547,450109185,787259861,1237369046,337150676,22793914,18175939,40969853,-4617975
2025-03-21,2025-03-10,2025-03-14,TSEPrime,2591490758,3463120746,6054611504,871629988,23890315393,23004091963,46894407356,-886223430,26481806151,26467212709,52949018860,-14593442,5648896961,5505856492,11154753453,-143040469,16847012096,16054850964,32901863060,-792161132,104538259,117039460,221577719,12501201,383003673,306917085,689920758,-76086588,364907029,458109462,823016491,93202433,61282077,60067823,121349900,-1214254,65167905,29975269,95143174,-35192636,45491976,19899992,65391968,-25591984,350702368,410448332,761150700,59745964,19313049,40927084,60240133,21614035
2025-03-27,2025-03-17,2025-03-21,TSEPrime,2434676876,2869428452,5304105328,434751576,20109085817,19696009091,39805094908,-413076726,22543762693,22565437543,45109200236,21674850,5436194528,4991004962,10427199490,-445189566,13118988683,13346264103,26465252786,227275420,149372394,141453849,290826243,-7918545,401845887,275992845,677838732,-125853042,438677322,479536834,918214156,40859512,57191921,45966297,103158218,-11225624,17171771,8104599,25276370,-9067172,76344016,66035060,142379076,-10308956,389801275,315214068,705015343,-74587207,23498020,26436474,49934494,2938454
2025-04-03,2025-03-24,2025-03-28,TSEPrime,2576856546,3966322699,6543179245,1389466153,21712654837,20322904202,42035559039,-1389750635,24289511383,24289226901,48578738284,-284482,5359098150,5816471456,11175569606,457373306,14280317317,13453179076,27733496393,-827138241,80319547,100584364,180903911,20264817,566697369,385050526,951747895,-181646843,249317426,237689361,487006787,-11628065,46482271,69877472,116359743,23395201,15566488,16198489,31764977,632001,80177701,5053705,85231406,-75123996,1010808845,222862934,1233671779,-787945911,23869723,15936819,39806542,-7932904
2025-04-10,2025-03-31,2025-04-04,TSEPrime,4592807965,2784333678,7377141643,-1808474287,25680711792,27419544738,53100256530,1738832946,30273519757,30203878416,60477398173,-69641341,5644472130,6348277593,11992749723,703805463,18268658883,18890409369,37159068252,621750486,77371192,109051022,186422214,31679830,575995844,823701620,1399697464,247705776,195504307,497988955,693493262,302484648,50538066,56477641,107015707,5939575,16865364,47140454,64005818,30275090,24511594,16797944,41309538,-7713650,793739554,599879063,1393618617,-193860491,33054858,29821077,62875935,-3233781
2025-04-17,2025-04-07,2025-04-11,TSEPrime,3987482043,3311293268,7298775311,-676188775,28576558275,29231036068,57807594343,654477793,32564040318,32542329336,65106369654,-21710982,6487056688,6404798207,12891854895,-82258481,20720408901,20853101689,41573510590,132692788,106140402,127362494,233502896,21222092,377905368,443612930,821518298,65707562,209618877,567949509,777568386,358330632,35377756,43960163,79337919,8582407,62464578,47869510,110334088,-14595068,30720910,14306200,45027110,-16414710,521188025,695386224,1216574249,174198199,25676770,32689142,58365912,7012372
2025-04-24,2025-04-14,2025-04-18,TSEPrime,1794570853,1564604464,3359175317,-229966389,18622875414,18853499641,37476375055,230624227,20417446267,20418104105,40835550372,657838,5234900444,4990411917,10225312361,-244488527,12444425547,12612375818,25056801365,167950271,74915189,71111568,146026757,-3803621,310591025,379878270,690469295,69287245,167491209,350608766,518099975,183117557,29743909,29508189,59252098,-235720,23341853,8843992,32185845,-14497861,28953208,7107591,36060799,-21845617,293483432,383712477,677195909,90229045,15029598,19941053,34970651,4911455
2025-05-02,2025-04-21,2025-04-25,TSEPrime,1827109049,2056948373,3884057422,229839324,19605048770,19383436185,38988484955,-221612585,21432157819,21440384558,42872542377,8226739,5442343627,5063933674,10506277301,-378409953,12703755383,13009936069,25713691452,306180686,100063804,95875529,195939333,-4188275,372333240,314382545,686715785,-57950695,197894799,276471473,474366272,78576674,66069946,94608251,160678197,28538305,60845299,18813807,79659106,-42031492,28504263,5156229,33660492,-23348034,597769503,491989726,1089759229,-105779777,35468906,12268882,47737788,-23200024
2025-05-12,2025-04-28,2025-05-02,TSEPrime,2525393584,2305486824,4830880408,-219906760,20052102909,20293829778,40345932687,241726869,22577496493,22599316602,45176813095,21820109,5064461632,4902798907,9967260539,-161662725,13349795371,13736788554,27086583925,386993183,100614092,95512542,196126634,-5101550,507073501,682304461,1189377962,175230960,163774212,267422470,431196682,103648258,26017478,49431054,75448532,23413576,24647035,8915044,33562079,-15731991,47112113,6333273,53445386,-40778840,751801871,526566252,1278368123,-225235619,16805604,17757221,34562825,951617
2025-05-15,2025-05-07,2025-05-09,TSEPrime,1662252668,1891173882,3553426550,228921214,15291029643,15073440369,30364470012,-217589274,16953282311,16964614251,33917896562,11331940,3846323489,3474868942,7321192431,-371454547,10480638858,10844624751,21325263609,363985893,71262501,61051096,132313597,-10211405,192523337,223978076,416501413,31454739,104393786,259379537,363773323,154985751,24693790,18131720,42825510,-6562070,102704584,5500349,108204933,-97204235,12642230,5693279,18335509,-6948951,429901844,167711361,597613205,-262190483,25945224,12501258,38446482,-13443966
2025-05-22,2025-05-12,2025-05-16,TSEPrime,2895720457,2766531442,5662251899,-129189015,26459095982,26603763440,53062859422,144667458,29354816439,29370294882,58725111321,15478443,6851864249,6629332992,13481197241,-222531257,17521935431,18119764053,35641699484,597828622,130800955,123758495,254559450,-7042460,470876243,480484516,951360759,9608273,400398762,643267821,1043666583,242869059,37933396,33409804,71343200,-4523592,137782553,18999660,156782213,-118782893,53863050,9319051,63182101,-44543999,804385026,518459436,1322844462,-285925590,49256317,26967612,76223929,-22288705
2025-05-29,2025-05-19,2025-05-23,TSEPrime,3065096860,2158464600,5223561460,-906632260,20366814905,21259424062,41626238967,892609157,23431911765,23417888662,46849800427,-14023103,5613909141,5552628790,11166537931,-61280351,13487481504,13770804155,27258285659,283322651,73023404,72879794,145903198,-143610,352686989,426551977,779238966,73864988,169765292,881834181,1051599473,712068889,33423614,46316040,79739654,12892426,98151323,20462605,118613928,-77688718,31487552,13018198,44505750,-18469354,486992460,456827373,943819833,-30165087,19893626,18100949,37994575,-1792677
2025-06-05,2025-05-26,2025-05-30,TSEPrime,2922800302,2950078075,5872878377,27277773,23950233801,23961834249,47912068050,11600448,26873034103,26911912324,53784946427,38878221,5976286514,5615290349,11591576863,-360996165,15701529991,16313094156,32014624147,611564165,117295958,105360462,222656420,-11935496,777667488,513349015,1291016503,-264318473,209615083,462788238,672403321,253173155,37002664,50175131,87177795,13172467,144495662,53502012,197997674,-90993650,38753046,18186749,56939795,-20566297,913024788,815504741,1728529529,-97520047,34562607,14583396,49146003,-19979211
2025-06-12,2025-06-02,2025-06-06,TSEPrime,2500784946,2138066247,4638851193,-362718699,20027111536,20437418652,40464530188,410307116,22527896482,22575484899,45103381381,47588417,5218242495,5407266972,10625509467,189024477,12972412801,13365628840,26338041641,393216039,92040754,99999281,192040035,7958527,470808736,447151953,917960689,-23656783,170165095,516823209,686988304,346658114,29738372,54751734,84490106,25013362,60726147,27580307,88306454,-33145840,53121972,35593511,88715483,-17528461,936198399,464682216,1400880615,-471516183,23656765,17940629,41597394,-5716136
2025-06-19,2025-06-09,2025-06-13,TSEPrime,3295754704,2937757452,6233512156,-357997252,20241468579,20533397217,40774865796,291928638,23537223283,23471154669,47008377952,-66068614,5601269888,5582464130,11183734018,-18805758,13473176484,13570050411,27043226895,96873927,88251064,79631544,167882608,-8619520,332993585,331780194,664773779,-1213391,184494913,509012151,693507064,324517238,25256849,55759176,81016025,30502327,100329008,17251290,117580298,-83077718,45894415,22993988,68888403,-22900427,372965686,351171501,724137187,-21794185,16836687,13282832,30119519,-3553855
2025-06-26,2025-06-16,2025-06-20,TSEPrime,3233565311,3197269609,6430834920,-36295702,23338689414,23356942255,46695631669,18252841,26572254725,26554211864,53126466589,-18042861,6197527909,5946474729,12144002638,-251053180,15370804883,15467880257,30838685140,97075374,100709240,88712415,189421655,-11996825,580255615,626305965,1206561580,46050350,241918864,538618947,780537811,296700083,35271834,51685780,86957614,16413946,58038737,9022711,67061448,-49016026,40548112,10052105,50600217,-30496007,697611939,593247918,1290859857,-104364021,16002281,24941428,40943709,8939147
2025-07-03,2025-06-23,2025-06-27,TSEPrime,3055622301,3094877093,6150499394,39254792,23490720817,23367368879,46858089696,-123351938,26546343118,26462245972,53008589090,-84097146,7092387558,6486304174,13578691732,-606083384,14857078256,15223169610,30080247866,366091354,121827741,104368658,226196399,-17459083,468206365,588696466,1056902831,120490101,233834706,276597620,510432326,42762914,40960023,95487271,136447294,54527248,28064960,28218119,56283079,153159,38426572,27440375,65866947,-10986197,554793225,511505934,1066299159,-43287291,55141411,25580652,80722063,-29560759
2025-07-10,2025-06-30,2025-07-04,TSEPrime,3663012666,2996038278,6659050944,-666974388,23736255386,24319915806,48056171192,583660420,27399268052,27315954084,54715222136,-83313968,6856192185,6758105967,13614298152,-98086218,15045861872,15623362475,30669224347,577500603,96076202,98530166,194606368,2453964,685731942,529722470,1215454412,-156009472,207603145,450826541,658429686,243223396,71081407,80171757,151253164,9090350,58396098,6453031,64849129,-51943067,30713664,7972731,38686395,-22740933,651862755,740041502,1391904257,88178747,32736116,24729166,57465282,-8006950
2025-07-17,2025-07-07,2025-07-11,TSEPrime,3317889409,3178741342,6496630751,-139148067,21672226113,21772551467,43444777580,100325354,24990115522,24951292809,49941408331,-38822713,5781587064,5707286963,11488874027,-74300101,14153489081,14553833025,28707322106,400343944,95435069,97896955,193332024,2461886,842018560,395550539,1237569099,-446468021,213911054,445890400,659801454,231979346,48384245,97311092,145695337,48926847,48930004,47426885,96356889,-1503119,52076282,24651301,76727583,-27424981,412613157,382123852,794737009,-30489305,23781597,20580455,44362052,-3201142
2025-07-25,2025-07-14,2025-07-18,TSEPrime,2382172664,1989525039,4371697703,-392647625,20428101487,20732705969,41160807456,304604482,22810274151,22722231008,45532505159,-88043143,6151065643,6049990390,12201056033,-101075253,13126596368,13326834929,26453431297,200238561,84043114,83063241,167106355,-979873,291132655,349939493,641072148,58806838,210897798,425127271,636025069,214229473,55817920,67864224,123682144,12046304,58627208,16846112,75473320,-41781096,60160712,10813186,70973898,-49347526,355441145,372500211,727941356,17059066,34318924,29726912,64045836,-4592012
2025-07-31,2025-07-22,2025-07-25,TSEPrime,2140920449,2691546785,4832467234,550626336,22110935962,21543154535,43654090497,-567781427,24251856411,24234701320,48486557731,-17155091,6540444839,5361641310,11902086149,-1178803529,14148858358,14720392741,28869251099,571534383,131087896,105192007,236279903,-25895889,419571249,397386699,816957948,-22184550,311738973,401905635,713644608,90166662,63312630,97019380,160332010,33706750,46745846,14782749,61528595,-31963097,29857009,7194039,37051048,-22662970,380371380,421108113,801479493,40736733,38947782,16531862,55479644,-22415920
2025-08-07,2025-07-28,2025-08-01,TSEPrime,3329693063,3555217829,6884910892,225524766,24684356730,24438401064,49122757794,-245955666,28014049793,27993618893,56007668686,-20430900,6328368468,6345785861,12674154329,17417393,16264895264,16065537402,32330432666,-199357862,102733893,97382600,200116493,-5351293,690454139,752895613,1443349752,62441474,215829157,503850885,719680042,288021728,72832227,73691368,146523595,859141,296566159,14875721,311441880,-281690438,48564627,12320764,60885391,-36243863,646351351,550614344,1196965695,-95737007,17761445,21446506,39207951,3685061
2025-08-15,2025-08-04,2025-08-08,TSEPrime,2601706493,3246111028,5847817521,644404535,28621968659,27999079198,56621047857,-622889461,31223675152,31245190226,62468865378,21515074,7945306771,7402071539,15347378310,-543235232,19058801485,19021477070,38080278555,-37324415,160981775,141638667,302620442,-19343108,404421381,363172225,767593606,-41249156,296765831,540818320,837584151,244052489,72012733,56526786,128539519,-15485947,55241300,13392040,68633340,-41849260,68135983,15740456,83876439,-52395527,524991781,410565815,935557596,-114425966,35309619,33676280,68985899,-1633339
2025-08-21,2025-08-12,2025-08-15,TSEPrime,2176923715,2908653119,5085576834,731729404,25333316305,24628409449,49961725754,-704906856,27510240020,27537062568,55047302588,26822548,7883057262,6779006952,14662064214,-1104050310,15831272472,16386304352,32217576824,555031880,124566315,96185203,220751518,-28381112,446094987,457703916,903798903,11608929,297184217,472986824,770171041,175802607,60436549,38827926,99264475,-21608623,44946809,6332868,51279677,-38613941,50350659,9550920,59901579,-40799739,566339270,354108813,920448083,-212230457,29067765,27401675,56469440,-1666090
2025-08-28,2025-08-18,2025-08-22,TSEPrime,2543456902,2749899629,5293356531,206442727,23770641002,23558504344,47329145346,-212136658,26314097904,26308403973,52622501877,-5693931,6780129810,6901674396,13681804206,121544586,15344765315,15157215321,30501980636,-187549994,115885477,113845320,229730797,-2040157,609351262,320038199,929389461,-289313063,292838250,534042022,826880272,241203772,46353707,52405911,98759618,6052204,64140188,5499652,69639840,-58640536,50111206,9361787,59472993,-40749419,437404075,439729108,877133183,2325033,29661712,24692628,54354340,-4969084
2025-09-04,2025-08-25,2025-08-29,TSEPrime,3731960939,4007560361,7739521300,275599422,24667845833,24360235309,49028081142,-307610524,28399806772,28367795670,56767602442,-32011102,6030067739,6411056196,12441123935,380988457,16141311135,15854620899,31995932034,-286690236,96476631,100567393,197044024,4090762,822330115,611552607,1433882722,-210777508,191957227,605682939,797640166,413725712,172239223,79163033,251402256,-93076190,81749473,23433288,105182761,-58316185,53325844,37763732,91089576,-15562112,1048799668,608222310,1657021978,-440577358,29588778,28172912,57761690,-1415866
2025-09-11,2025-09-01,2025-09-05,TSEPrime,3274544893,3252267579,6526812472,-22277314,22419258863,22440236004,44859494867,20977141,25693803756,25692503583,51386307339,-1300173,6257784889,6371558624,12629343513,113773735,14058855327,14222035000,28280890327,163179673,92952927,102060165,195013092,9107238,581367587,493545065,1074912652,-87822522,266284182,586821375,853105557,320537193,55080765,43686725,98767490,-11394040,76972198,19383315,96355513,-57588883,55060000,43326510,98386510,-11733490,940747529,529604923,1470352452,-411142606,34153459,28214302,62367761,-5939157
2025-09-19,2025-09-08,2025-09-12,TSEPrime,2987776845,4229235974,7217012819,1241459129,25324125642,24044530693,49368656335,-1279594949,28311902487,28273766667,56585669154,-38135820,7157395503,6635215911,13792611414,-522179592,16636559121,15983245821,32619804942,-653313300,113113824,99699803,212813627,-13414021,467993895,365279691,833273586,-102714204,276595382,499853572,776448954,223258190,59400753,53658144,113058897,-5742609,70901867,28347484,99249351,-42554383,39181921,20418170,59600091,-18763751,464718913,339032046,803750959,-125686867,38264463,19780051,58044514,-18484412
2025-09-26,2025-09-16,2025-09-19,TSEPrime,3288204028,4038705937,7326909965,750501909,24764328410,24008653633,48772982043,-755674777,28052532438,28047359570,56099892008,-5172868,6367908385,6332549661,12700458046,-35358724,16567143384,16277796187,32844939571,-289347197,92177298,85994215,178171513,-6183083,365231499,319830441,685061940,-45401058,233494984,413055283,646550267,179560299,35161349,44441984,79603333,9280635,44754354,19352255,64106609,-25402099,76059364,60443347,136502711,-15616017,958140127,430767458,1388907585,-527372669,24257666,24422802,48680468,165136
2025-10-02,2025-09-22,2025-09-26,TSEPrime,2536328264,3656270034,6192598298,1119941770,24017045413,22895017833,46912063246,-1122027580,26553373677,26551287867,53104661544,-2085810,6661628626,6765715252,13427343878,104086626,15466863899,14935598894,30402462793,-531265005,102391349,97723408,200114757,-4667941,615424032,339576643,955000675,-275847389,351661415,330537984,682199399,-21123431,47853463,87261594,135115057,39408131,110249139,20583251,130832390,-89665888,27460195,27565634,55025829,105439,612105421,255558350,867663771,-356547071,21407874,34896823,56304697,13488949
2025-10-09,2025-09-29,2025-10-03,TSEPrime,4500172404,2868823199,7368995603,-1631349205,26245131635,27833114806,54078246441,1587983171,30745304039,30701938005,61447242044,-43366034,6881700823,7259879195,14141580018,378178372,17680804955,18959441923,36640246878,1278636968,119187935,122903693,242091628,3715758,402106560,464230771,866337331,62124211,292188316,414944064,707132380,122755748,42320092,61130579,103450671,18810487,31251463,8620186,39871649,-22631277,47425572,11007024,58432596,-36418548,722474776,507246478,1229721254,-215228298,25671143,23710893,49382036,-1960250
2025-10-17,2025-10-06,2025-10-10,TSEPrime,4478625002,4409460459,8888085461,-69164543,32856611455,32953177845,65809789300,96566390,37335236457,37362638304,74697874761,27401847,9580357551,9133636754,18713994305,-446720797,21092906286,22164513335,43257419621,1071607049,158261953,136280914,294542867,-21981039,452346453,410163513,862509966,-42182940,383516629,536328665,919845294,152812036,64105638,92069809,156175447,27964171,105619872,27613762,133233634,-78006110,70824035,10524245,81348280,-60299790,894473269,404363813,1298837082,-490109456,54199769,37683035,91882804,-16516734
2025-10-23,2025-10-14,2025-10-17,TSEPrime,2672834009,2316744039,4989578048,-356089970,23027748532,23388205955,46415954487,360457423,25700582541,25704949994,51405532535,4367453,6101540490,6417319622,12518860112,315779132,15547884954,15731137276,31279022230,183252322,108649947,113757151,222407098,5107204,466775353,318606643,785381996,-148168710,289476277,416546880,706023157,127070603,40304795,42848835,83153630,2544040,59270456,17425546,76696002,-41844910,82910159,10658238,93568397,-72251921,294819450,284036041,578855491,-10783409,36116651,35869723,71986374,-246928
2025-10-30,2025-10-20,2025-10-24,TSEPrime,3203279375,3273690815,6476970190,70411440,29225664816,29157922813,58383587629,-67742003,32428944191,32431613628,64860557819,2669437,9113666785,8582962616,17696629401,-530704169,18444749895,19094932703,37539682598,650182808,140080381,115110347,255190728,-24970034,488876803,375262027,864138830,-113614776,414631036,480124480,894755516,65493444,56843220,80830798,137674018,23987578,59717883,10572310,70290193,-49145573,35270970,26890622,62161592,-8380348,438065059,365343767,803408826,-72721292,33762784,25893143,59655927,-7869641
2025-11-07,2025-10-27,2025-10-31,TSEPrime,7456196221,7375470688,14831666909,-80725533,41404724625,41475524169,82880248794,70799544,48860920846,48850994857,97711915703,-9925989,10801755945,10577806899,21379562844,-223949046,26291151960,26662802483,52953954443,371650523,143043590,130256815,273300405,-12786775,1831391535,1502568595,3333960130,-328822940,361252105,526933015,888185120,165680910,74153435,83815845,157969280,9662410,61862278,24426972,86289250,-37435306,570342847,552007646,1122350493,-18335201,1235029030,1376548121,2611577151,141519091,34741900,38357778,73099678,3615878
2025-11-13,2025-11-04,2025-11-07,TSEPrime,4166611766,3420902966,7587514732,-745708800,32229551563,32939521108,65169072671,709969545,36396163329,36360424074,72756587403,-35739255,8354870651,8874355637,17229226288,519484986,22161532938,21840162529,44001695467,-321370409,139250302,159389789,298640091,20139487,590374358,854200617,1444574975,263826259,270678364,473994541,744672905,203316177,60165088,72416088,132581176,12251000,54343523,24240148,78583671,-30103375,33612404,14043084,47655488,-19569320,522541764,598737591,1121279355,76195827,42182171,27981084,70163255,-14201087
2025-11-20,2025-11-10,2025-11-14,TSEPrime,3428778997,3735499745,7164278742,306720748,33793140101,33527833035,67320973136,-265307066,37221919098,37263332780,74485251878,41413682,9794956295,9549392036,19344348331,-245564259,21630907113,22152792336,43783699449,521885223,174448799,155426954,329875753,-19021845,446748298,404949301,851697599,-41798997,375247581,556089171,931336752,180841590,71217737,138249270,209467007,67031533,130733873,28312768,159046641,-102421105,101776572,15568297,117344869,-86208275,1037453099,503706248,1541159347,-533746851,29650734,23346654,52997388,-6304080
2025-11-28,2025-11-17,2025-11-21,TSEPrime,3745612261,4064805521,7810417782,319193260,36195507165,35916095508,72111602673,-279411657,39941119426,39980901029,79922020455,39781603,9013543243,9145028315,18158571558,131485072,24459806315,24056563191,48516369506,-403243124,121944153,132389265,254333418,10445112,985183628,865514285,1850697913,-119669343,363887469,622043169,985930638,258155700,54471254,85539781,140011035,31068527,118677677,59352848,178030525,-59324829,50625074,14896177,65521251,-35728897,988226681,902714780,1890941461,-85511901,39141671,32053697,71195368,-7087974
2025-12-04,2025-11-25,2025-11-28,TSEPrime,2223618129,2589691788,4813309917,366073659,22821607763,22470310990,45291918753,-351296773,25045225892,25060002778,50105228670,14776886,6393203552,5966220929,12359424481,-426982623,14780071454,14641242460,29421313914,-138828994,98325366,90022650,188348016,-8302716,443683784,477439437,921123221,33755653,228584903,397173155,625758058,168588252,45719918,79916852,125636770,34196934,41563265,17662908,59226173,-23900357,36612437,15665406,52277843,-20947031,741770857,766911296,1508682153,25140439,12072227,18055897,30128124,5983670
2025-12-11,2025-12-01,2025-12-05,TSEPrime,3319571068,2976135800,6295706868,-343435268,28217752053,28477760073,56695512126,260008020,31537323121,31453895873,62991218994,-83427248,7540850690,7704307529,15245158219,163456839,18536302178,18585218653,37121520831,48916475,114377759,116340600,230718359,1962841,514822676,683472573,1198295249,168649897,303345335,504240669,807586004,200895334,41126655,87340918,128467573,46214263,105870116,23477798,129347914,-82392318,99837865,36843481,136681346,-62994384,897127536,693154158,1590281694,-203973378,64091243,43363694,107454937,-20727549
2025-12-18,2025-12-08,2025-12-12,TSEPrime,4094327079,3616642018,7710969097,-477685061,27497557032,28006735263,55504292295,509178231,31591884111,31623377281,63215261392,31493170,7772774697,7503921316,15276696013,-268853381,18092968225,18295023697,36387991922,202055472,130092356,127398033,257490389,-2694323,595179900,732787172,1327967072,137607272,286369703,514976360,801346063,228606657,35564044,143763695,179327739,108199651,71744235,29099220,100843455,-42645015,36787194,45216175,82003369,8428981,448998290,578764083,1027762373,129765793,27078388,35785512,62863900,8707124
2025-12-25,2025-12-15,2025-12-19,TSEPrime,3179809751,3430276746,6610086497,250466995,28455480633,28222591616,56678072249,-232889017,31635290384,31652868362,63288158746,17577978,6818774394,7070730052,13889504446,251955658,19387225700,18954997893,38342223593,-432227807,102421197,112087701,214508898,9666504,675299292,600335379,1275634671,-74963913,251885354,465899763,717785117,214014409,34464978,79163618,113628596,44698640,95305456,35824431,131129887,-59481025,45331655,15239604,60571259,-30092051,1015031717,837514099,1852545816,-177517618,29740890,50799076,80539966,21058186
2026-01-06,2025-12-22,2025-12-26,TSEPrime,2035489017,2307108991,4342598008,271619974,19989378860,19719113421,39708492281,-270265439,22024867877,22026222412,44051090289,1354535,6753023502,6394875556,13147899058,-358147946,11980513502,11943041790,23923555292,-37471712,93804096,85503370,179307466,-8300726,384037934,434365465,818403399,50327531,259006910,283531097,542538007,24524187,32048208,111914211,143962419,79866003,55704934,12073073,67778007,-43631861,30727447,23992351,54719798,-6735096,379509637,412870177,792379814,33360540,21002690,16946331,37949021,-4056359
2026-01-08,2025-12-29,2025-12-30,TSEPrime,1526533324,1331616877,2858150201,-194916447,7972945495,8168360087,16141305582,195414592,9499478819,9499976964,18999455783,498145,2206860196,2380187759,4587047955,173327563,5158232874,5156230785,10314463659,-2002089,27673959,29249582,56923541,1575623,230076402,211892926,441969328,-18183476,45177929,57912280,103090209,12734351,11782260,24349805,36132065,12567545,774266,479633,1253899,-294633,2172604,1704670,3877274,-467934,285655168,302619411,588274579,16964243,4539837,3733236,8273073,-806601
2026-01-16,2026-01-05,2026-01-09,TSEPrime,4070694208,3382902176,7453596384,-687792032,30607618867,31292151477,61899770344,684532610,34678313075,34675053653,69353366728,-3259422,8653044187,8101548567,16754592754,-551495620,20087772139,21300538285,41388310424,1212766146,148029285,132239562,280268847,-15789723,534417658,504149780,1038567438,-30267878,318243342,487119675,805363017,168876333,69011293,61144051,130155344,-7867242,100144893,67804007,167948900,-32340886,65015352,35002856,100018208,-30012496,563181648,558776768,1121958416,-4404880,68759070,43827926,112586996,-24931144
2026-01-22,2026-01-13,2026-01-16,TSEPrime,3390869541,3761792668,7152662209,370923127,29623702334,29267054127,58890756461,-356648207,33014571875,33028846795,66043418670,14274920,8254393629,7614226206,15868619835,-640167423,19161786990,19912280702,39074067692,750493712,169773407,142121543,311894950,-27651864,622295131,578318619,1200613750,-43976512,330741905,414264860,745006765,83522955,115904166,65700910,181605076,-50203256,154913989,29613011,184527000,-125300978,63098496,12850086,75948582,-50248410,702694280,460450694,1163144974,-242243586,48100341,37227496,85327837,-10872845
